city,state,exposure_index,exposure_raw,urban_ratio,densityMi,sea_level_trend,sea_level_recent_mean,sea_level_max_anomaly,years_covered,rain_daily_mean,rain_daily_max,heavy_rain_threshold,heavy_rain_days_per_year,met_years
miami,Florida,0.8384560124905718,67.884512037,0.1527,444.56131,-0.0220196445275958,-0.030167517875383,0.119,1–12,4.954037777169449,191.3,15.5,37.4,2015–2024
new_orleans,Louisiana,0.0,13.479691632000002,0.1264,106.64313,0.0871505681818181,0.0686739130434782,0.188,1–12,4.712681457135031,220.2,15.0,37.1,2015–2024
norfolk,Virginia,1.0,78.366602328,0.3482,225.06204,-0.0549735720375106,-0.0629246511627907,0.173,1–12,3.517109225294279,189.0,11.140000000000054,36.6,2015–2024
