city,sea_level_trend,sea_level_recent_mean,sea_level_max_anomaly,years_covered
miami,-0.022019644527595885,-0.030167517875383038,0.119,1–12
new_orleans,0.08715056818181817,0.06867391304347827,0.188,1–12
norfolk,-0.05497357203751065,-0.06292465116279071,0.173,1–12
